author_num,price,length,img,attend_num,deliver,talk,spam
1,200000,132,3,314,0,1,1
21,230000,81,1,979,1,1,0
23,230000,54,1,752,0,1,0
1,225000,27,2,25,0,1,1
152,210000,28,3,3381,1,1,0
87,230000,77,1,4925,1,1,0
21,230000,106,1,979,1,1,0
2,220000,95,4,640,1,1,0
39,225000,41,1,835,0,1,0
61,225000,64,1,747,1,1,0
17,220000,43,1,1546,0,1,1
44,230000,56,1,1240,1,1,0
19,240000,27,2,777,0,1,0
5,220000,87,2,91,1,1,0
87,230000,66,1,487,1,1,0
44,230000,102,1,241,1,1,0
1,130000,70,1,333,1,1,1
39,225000,28,2,2145,0,1,0
115,220000,45,3,4026,1,1,0
5,230000,48,1,484,0,1,0
117,230000,156,1,1875,1,1,0
150,220000,66,1,2851,1,1,0
21,230000,91,1,979,1,1,0
33,220000,79,0,200,1,1,0
93,220000,40,1,3184,1,1,0
48,205000,21,1,210,0,1,0
48,205000,58,2,210,1,1,0
62,210000,65,1,571,1,1,0
63,220000,79,2,3325,1,1,0
16,220000,53,3,413,1,1,1
47,210000,54,2,572,0,1,0
61,225000,73,1,747,1,1,0
1,170000,40,1,196,0,1,1
119,200000,72,1,374,1,1,0
420,220000,111,8,951,1,1,0
11,230000,42,1,72,1,1,0
8,200000,60,2,14,1,1,1
15,200000,51,4,366,1,1,1
77,220000,41,1,4458,1,1,0
20,220000,243,2,3723,1,1,0
3,190000,63,1,123,1,1,0
51,219000,139,4,213,1,1,0
272,250000,54,4,426,0,1,0
40,220000,201,5,1279,1,1,0
7371,210000,44,3,6806,0,1,0
44,200000,87,3,158,1,1,0
199,230000,560,3,1434,1,1,0
420,220000,116,8,951,1,1,0
2,190000,76,2,143,1,1,1
52,230000,21,1,433,0,1,0
2,225000,35,3,18,0,1,0
74,240000,57,3,790,0,1,0
52,230000,22,1,433,0,1,0
4,200000,149,1,6,1,0,1
20,250000,0,2,621,0,1,1
997,225000,24,1,401,1,1,0
28,235000,44,1,1668,0,1,0
60,215000,92,1,988,1,1,0
60,225000,90,1,988,1,1,0
17,200000,0,2,98,0,1,0
17,200000,0,2,98,0,1,0
50,199000,126,5,4099,1,1,1
89,200000,38,1,704,1,1,0
153,215000,84,2,278,0,1,0
13,230000,158,1,206,1,1,0
8,210000,203,6,15,0,1,1
6,200000,63,1,315,1,1,0
14,205000,39,2,2872,1,1,0
17,210000,190,1,192,1,1,0
15,220000,78,3,469,1,1,0
87,225000,74,1,488,1,1,0
87,225000,75,1,488,1,1,0
120,230000,122,1,980,1,1,0
11,230000,119,3,61,0,1,1
10,230000,45,2,627,0,1,0
764,220000,86,1,4003,1,1,0
50,200000,69,2,1150,1,1,0
56,230000,58,1,7323,1,1,0
9,225000,194,4,1869,1,1,0
36,225000,135,2,230,1,1,0
42,235000,169,1,3406,0,1,0
141,220000,35,1,2314,0,1,0
101,230000,33,1,469,0,1,0
33,200000,31,1,777,0,1,0
51,230000,148,4,748,1,1,0
768,200000,17,1,1895,0,1,0
4,250000,32,2,743,0,1,0
5,220000,137,2,264,1,1,0
40,230000,104,3,56,1,1,0
6,230000,37,3,280,1,1,0
2,230000,78,2,640,1,1,0
764,210000,39,1,4003,0,1,0
22,230000,36,1,1954,1,1,0
22,220000,22,1,1153,1,1,0
13,220000,24,3,166,0,1,0
4,210000,0,4,560,0,1,0
175,235000,0,0,569,0,1,0
68,235000,255,3,3119,1,1,0
71,220000,28,1,2174,0,1,0
71,195000,0,1,2023,0,1,1
46,200000,137,1,708,1,1,0
234,220000,136,1,1114,1,1,0
147,220000,281,1,2234,1,1,0
37,230000,44,3,2348,1,1,0
3,230000,126,5,1412,1,0,1
54,225000,65,1,2252,1,1,0
347,220000,61,1,2249,1,1,0
3,170000,30,1,56,0,1,1
68,235000,255,3,3119,1,1,0
41,230000,55,2,1490,1,1,0
36,230000,237,2,230,1,1,0
2,230000,152,1,100,1,1,0
1,220000,175,3,9,1,1,0
128,210000,99,3,5749,1,1,0
36,230000,144,1,2286,0,1,0
384,225000,401,3,5329,1,1,0
2,190000,185,3,3,1,1,1
60,200000,176,2,881,1,1,0
384,230000,211,3,5329,1,1,0
37,230000,160,3,2420,0,1,0
110,220000,361,4,2005,1,1,0
176,199000,108,1,3107,0,1,1
91,219000,199,2,3654,1,1,0
1163,240000,166,1,4761,1,1,0
22,250000,131,1,3629,0,1,0
2721,225000,430,1,1568,1,1,0
2721,230000,390,1,1568,1,1,0
153,210000,360,1,3214,1,0,0
67,230000,122,2,1347,0,1,0
8,220000,241,5,1232,1,1,0
1,165000,82,1,1,0,1,1
37,230000,142,3,410,0,1,0
2721,225000,433,1,1568,1,1,0
124,210000,155,1,1028,1,1,0
6,240000,210,1,17,0,1,0
1,220000,150,3,448,0,1,0
95,240000,146,1,433,0,1,0
141,230000,56,1,14162,1,1,0
95,240000,137,1,433,1,1,0
521,220000,180,2,2952,1,1,0
57,220000,172,1,429,0,1,0
27,215000,157,1,6020,1,1,0
51,230000,0,1,1685,0,1,0
3,210000,218,1,307,1,1,0
37,230000,191,2,2420,1,1,0
3,260000,119,1,91,0,1,1
11,210000,211,3,259,1,1,0
75,220000,116,1,918,1,1,0
357,230000,151,1,10543,0,1,0
153,220000,84,1,278,0,1,0
459,230000,197,1,4556,1,1,0
28,230000,137,2,696,1,1,0
3,220000,218,1,307,1,1,0
21,220000,155,1,1040,0,1,0
21,220000,146,1,1040,0,1,0
11,210000,187,4,259,1,1,0
10,240000,219,1,160,1,1,0
202,230000,141,1,2627,1,1,0
114,220000,135,1,1660,1,1,0
44,230000,155,1,682,0,1,0
12,190000,119,2,184,0,1,0
4,210000,179,1,77,1,1,1
43,230000,0,0,1133,0,1,1
250,220000,454,2,247,1,0,0
21,200000,273,2,427,1,0,0
250,225000,454,2,247,1,0,0
60,230000,149,1,478,1,1,0
2,200000,129,3,16,0,1,1
1,220000,223,1,13,1,1,0
95,240000,183,1,668,1,1,0
123,230000,139,1,4265,1,1,0
250,230000,454,2,247,1,0,0
2721,230000,363,1,1568,1,1,0
2721,225000,400,1,1568,1,1,0
42,225000,118,1,4627,0,1,0
2,250000,151,6,185,0,1,0
247,230000,166,2,1746,1,1,0
63,230000,236,3,2232,1,1,0
77,240000,153,2,1163,1,1,0
3,230000,206,3,783,1,1,0
33,230000,119,2,2045,0,1,0
34,230000,135,3,3561,1,1,0
384,230000,221,3,5329,1,1,0
4,200000,128,2,101,0,1,1
6,225000,131,3,46,1,1,0
13,230000,141,1,206,1,1,0
2721,235000,365,1,1568,1,1,0
2721,230000,365,1,1568,1,1,0
6,240000,155,3,3167,1,1,0
244,225000,121,3,4265,0,1,0
6,230000,174,1,326,1,1,0
4,230000,122,3,1256,0,1,0
23,240000,151,3,327,1,1,0
88,235000,170,1,489,1,1,0
65,230000,30,1,4700,1,1,0
386,230000,142,2,455,1,1,0
10,235000,107,1,1500,0,1,0
566,230000,181,3,1518,1,1,0
55,225000,220,2,1882,1,0,0
18,210000,133,1,428,0,1,0
24,240000,272,1,1456,0,1,0
27,240000,200,2,590,1,1,0
9,220000,148,2,385,0,1,0
95,223000,174,3,1611,1,1,0
9,225000,148,2,385,0,1,0
4,265000,130,2,346,0,1,0
12,220000,231,1,293,0,1,1
250,230000,454,2,247,1,0,1
404,230000,140,1,4111,1,1,0
24,255000,146,1,1039,1,1,0
125,225000,311,3,8863,1,0,0
142,230000,152,2,4771,1,1,0
9,240000,141,1,1082,0,1,0
24,225000,258,1,2447,1,0,0
500,230000,119,1,7283,0,1,0
11,230000,153,1,233,1,1,0
30,225000,174,4,465,1,1,0
21,190000,315,3,294,1,1,0
37,240000,146,1,3218,1,1,0
11,220000,153,1,768,1,1,0
500,230000,139,1,7283,0,1,0
25,240000,188,3,732,1,1,0
55,210000,79,3,2119,1,1,0
8,230000,156,2,704,0,1,0
9,230000,140,2,772,1,1,0
13,210000,162,4,2584,0,1,0
2721,240000,365,1,1568,1,1,0
2721,235000,365,1,1568,1,1,0
39,235000,224,2,1288,1,1,0
1,220000,29,1,275,0,1,1
16,230000,165,2,54,1,1,0
19,217000,245,2,3826,1,1,0
1,230000,133,1,363,0,1,1
87,220000,0,0,5323,0,1,0
6,235000,0,0,110,0,1,0
19,220000,299,2,3826,1,0,0
13,200000,398,4,377,1,1,0
81,250000,1071,1,1694,1,1,0
2721,235000,365,1,1568,1,1,0
3,240000,181,2,175,0,1,0
384,225000,182,3,5330,1,1,0
566,270000,261,1,1518,1,0,0
8,240000,192,1,70,1,0,0
40,220000,217,2,1787,1,0,0
185,250000,89,5,1913,0,1,0
5,180000,365,1,47,1,0,1
12,240000,228,1,87,0,0,0
1005,230000,230,1,17666,0,0,0
1,240000,197,3,192,0,0,0
9,240000,256,1,62,1,0,0
22,225000,206,2,1908,1,0,0
384,225000,182,3,5330,1,1,0
8,210000,359,3,67,0,0,0
74,220000,153,1,1961,1,1,0
384,225000,181,3,5330,1,1,0
28,220000,217,1,990,1,0,0
2,200000,169,1,231,0,0,1
14,230000,278,1,845,1,0,0
1,240000,235,2,230,1,0,0
1005,240000,228,2,17666,1,0,0
5,225000,238,2,232,1,0,0
78,230000,218,2,974,0,0,0
4,220000,228,4,221,1,0,0
28,230000,264,2,1213,1,0,0
18,230000,278,1,340,1,0,0
14,230000,299,1,845,1,0,0
418,220000,295,3,7022,1,0,0
7,220000,285,3,267,1,0,0
83,200000,253,2,2870,0,0,0
4,230000,238,2,584,1,0,0
14,230000,227,1,845,0,0,0
25,240000,254,3,732,1,0,0
91,230000,244,2,4895,1,0,0
7,220000,67,4,532,1,1,0
6,235000,233,3,123,1,0,0
9,240000,196,2,187,0,0,1
136,230000,221,4,1746,0,0,0
1456,225000,280,1,3018,1,0,0
1326,200000,330,2,1164,1,0,0
5,230000,193,3,44,0,0,1
432,240000,243,3,1431,0,0,0
304,220000,229,3,1349,1,0,0
81,240000,1071,1,1695,1,1,0
5,235000,221,5,44,0,0,1
15,230000,292,2,1721,1,0,0
37,230000,155,0,777,1,1,0
42,250000,324,3,543,0,0,0
101,200000,199,2,2970,0,0,1
1326,230000,288,2,1164,1,0,0
52,290000,354,3,368,1,0,0
118,210000,223,1,1309,0,0,0
28,230000,185,1,885,1,0,0
57,227000,186,1,3880,0,0,0
13,230000,169,2,1441,0,0,0
165,230000,239,1,3089,1,0,0
5,235000,196,2,90,0,0,1
39,220000,18,1,856,0,1,0
17,230000,216,3,805,1,0,0
6,238000,499,2,1029,1,0,0
114,245000,193,2,8017,0,0,0
560,225000,201,1,13608,1,0,0
1,230000,225,1,758,1,0,0
305,230000,511,1,14733,1,0,0
164,230000,157,1,1156,1,1,0
83,230000,232,2,1952,1,0,0
2,220000,203,1,531,1,0,0
92,228000,286,3,7958,1,0,0
61,230000,66,3,747,1,1,0
64,230000,215,3,221,0,0,0
174,225000,254,2,3012,1,0,0
15,210000,307,2,680,0,0,0
22,230000,215,1,2825,1,0,0
409,220000,0,0,1423,0,1,0
1,230000,202,6,312,1,0,0
335,230000,246,1,8946,0,0,0
261,210000,310,2,1767,1,0,0
10,240000,231,2,1433,1,0,0
9,230000,191,1,158,1,1,0
93,240000,247,4,4816,1,0,0
199,235000,199,3,2657,0,0,0
83,240000,232,2,1952,1,0,0
28,220000,40,1,1091,0,1,0
35,235000,212,1,2384,1,0,0
306,235000,227,2,994,1,0,0
24,240000,240,1,1456,0,0,0
9,240000,221,2,116,0,0,0
55,230000,203,2,566,1,0,0
71,235000,273,1,200,1,0,0
78,230000,240,3,6141,1,0,0
347,235000,230,1,2249,1,0,0
23,230000,87,2,1042,1,1,0
76,240000,197,2,385,0,0,0
43,230000,254,1,1243,1,0,0
384,230000,135,0,5330,1,1,0
76,250000,197,2,385,0,0,0
21,225000,212,2,959,1,0,0
1,225000,406,2,17,1,0,0
5,180000,477,5,2061,1,1,0
78,230000,219,2,149,1,0,0
3,230000,169,1,19,0,0,0
11,250000,246,4,405,1,0,0
200,220000,232,3,1322,1,0,0
244,235000,238,3,4265,1,0,0
46,250000,60,3,2445,1,1,0
45,240000,6,3,3252,0,1,0
1212,240000,222,5,15559,0,0,0
1,250000,169,1,31,0,0,0
2,250000,230,2,303,1,0,0
7,230000,123,2,758,1,1,0
2,230000,251,1,69,0,0,1
5,240000,368,2,273,1,0,0
64,270000,434,5,6347,1,0,0
23,240000,256,1,251,1,0,0
22,234000,238,2,1508,1,0,0
14,230000,0,4,1136,0,1,0
8,240000,249,4,4144,1,0,0
250,240000,454,2,247,1,0,0
4,235000,344,2,282,1,0,0
71,235000,0,0,685,0,1,0
27,220000,234,2,822,1,0,0
45,210000,0,0,380,0,1,0
260,230000,224,2,7460,1,0,0
247,230000,233,1,1746,1,0,0
82,225000,521,1,3058,1,0,0
3,260000,291,2,27,1,0,0
8,230000,259,2,174,1,0,0
33,220000,169,3,465,0,0,0
38,220000,262,2,1846,1,0,0
28,230000,269,2,882,1,0,0
238,230000,45,1,1186,1,1,0
2,230000,353,0,67,1,0,0
26,250000,207,2,2888,1,0,0
34,230000,196,2,3561,1,0,0
10,240000,236,1,442,1,0,0
41,240000,454,2,49,1,0,0
43,230000,231,2,1800,1,0,0
238,230000,49,1,1186,1,1,0
69,230000,185,3,1948,0,0,0
71,235000,284,1,200,1,0,0
82,240000,501,1,3058,1,0,0
1,225000,238,1,174,1,0,0
143,230000,219,3,1598,0,0,0
27,220000,50,1,1891,1,1,0
86,270000,418,3,1910,1,0,0
9,220000,225,1,195,1,0,0
153,230000,281,2,2312,1,0,0
305,220000,469,1,14733,1,0,0
1,240000,253,3,249,1,0,0
6,220000,248,3,2506,1,0,0
12,240000,223,2,672,1,0,0
71,235000,266,1,200,1,0,0
101,240000,281,5,1745,1,0,0
21,220000,237,2,694,1,0,0
48,230000,254,2,2436,1,0,0
2,210000,882,1,13,1,0,1
73,200000,253,1,853,0,0,0
2,210000,890,1,13,1,0,1
51,230000,417,2,3172,1,0,0
15,250000,264,4,97,1,0,0
12,240000,217,2,1288,1,0,0
3,230000,232,1,188,0,0,0
24,123456,203,1,11096,0,0,0
10,230000,227,1,126,1,0,0
91,240000,249,2,4895,1,0,0
8,240000,223,2,465,1,0,0
42,230000,230,4,1020,1,0,0
94,210000,463,2,1428,1,0,0
109,180000,279,3,2893,0,0,0
146,225000,325,2,4619,1,0,0
146,225000,325,2,4619,1,0,0
129,235000,70,2,5904,1,1,0
36,210000,192,2,3713,0,0,0
1,220000,131,3,2225,1,1,0
247,210000,249,1,5915,1,0,0
146,225000,293,2,4619,1,0,0
191,230000,232,3,9388,1,0,0
165,240000,178,1,5784,0,0,0
3,235000,250,3,99,1,0,0
45,250000,191,2,402,0,0,0
4,250000,231,2,592,0,0,0
305,235000,510,1,14733,1,0,0
15,260000,274,1,994,1,0,0
292,220000,204,1,830,1,0,0
15,220000,338,0,561,0,0,0
61,220000,283,2,618,1,0,0
68,230000,277,1,4601,1,0,0
71,235000,0,0,685,0,1,0
15,225000,266,0,1371,0,0,0
39,230000,86,3,846,1,1,0
4,240000,251,2,322,0,0,0
23,240000,225,3,1114,1,0,0
6,220000,393,4,767,1,0,0
116,240000,223,3,1423,0,0,0
9,200000,323,4,771,1,0,0
44,240000,264,1,558,1,0,0
102,210000,221,1,3056,1,0,0
12,240000,242,1,398,0,0,0
6,245000,180,1,663,0,0,0
4,220000,226,3,465,1,0,0
13,123456,457,8,5156,1,0,0
7,240000,251,2,380,1,0,0
40,240000,217,5,458,1,0,0
39,235000,93,4,5853,1,1,0
26,220000,183,6,2398,1,1,0
3,250000,241,2,21,1,0,0
2,235000,227,3,213,1,0,0
305,235000,511,1,14733,1,0,0
80,230000,0,0,1354,0,1,0
3,250000,227,2,21,1,0,0
5,220000,194,1,46,0,0,0
10,220000,169,0,2105,0,0,0
14,225000,277,1,904,0,0,0
27,210000,285,3,262,1,0,0
59,220000,287,3,3723,1,0,0
72,250000,256,4,2200,1,0,0
11,230000,248,3,8389,1,0,0
919,225000,169,0,902,0,0,0
5,200000,106,1,109,1,1,0
185,230000,264,1,12735,1,0,0
210,235000,235,1,2642,1,0,0
47,205000,277,5,2650,1,0,0
10,250000,262,2,517,0,0,0
33,240000,106,4,1704,1,1,0
12,230000,244,1,9268,1,0,0
13,240000,125,4,3172,1,1,0
10,250000,273,2,517,1,0,0
34,280000,231,2,1393,0,0,0
13,230000,0,0,204,0,1,0
10,250000,274,2,517,1,0,0
57,230000,216,2,5161,1,0,0
116,240000,236,3,1423,0,0,0
10,250000,276,2,517,0,0,0
132,245000,327,1,241,1,0,0
4,240000,182,1,55,0,0,1
1,210000,399,1,58,1,0,0
8,210000,0,0,6349,0,1,0
18,230000,213,1,1208,1,0,0
6,240000,203,2,506,1,0,0
20,230000,56,5,1317,0,1,0
14,230000,189,1,904,1,1,0
31,240000,205,1,868,1,0,0
5,240000,213,3,20,1,0,0
59,245000,203,1,1838,1,0,0
506,230000,279,4,5173,1,0,0
2,210000,215,2,237,1,0,0
19,245000,162,1,1539,0,0,0
4,210000,193,3,69,1,0,1
46,225000,357,2,1245,0,0,0
11,225000,197,2,115,0,0,0
16,230000,302,2,137,0,0,0
3,205000,220,4,8,0,0,1
3,205000,221,4,8,0,0,1
6,215000,209,1,38,1,0,0
84,240000,126,4,4353,1,1,0
8,220000,221,3,353,1,0,0
3,240000,261,3,362,1,0,0
566,235000,213,3,5758,0,0,0
1268,220000,308,1,10138,1,0,0
68,230000,0,0,4601,0,1,0
47,220000,238,1,3317,1,0,0
145,240000,195,2,3579,0,0,0
4,240000,228,2,107,1,0,0
44,240000,335,3,1705,1,0,0
34,238000,524,1,692,1,1,0
25,230000,243,2,634,1,0,0
5,230000,223,4,5738,1,1,0
6,275000,224,4,410,0,0,0
35,245000,241,2,2061,1,0,0
22,240000,233,2,172,1,0,0
4,220000,73,1,580,0,1,0
125,235000,216,2,1637,1,0,0
43,220000,186,2,1448,0,0,0
151,240000,379,3,344,1,0,0
151,240000,222,3,344,0,0,0
151,240000,234,3,344,0,0,0
151,240000,218,3,344,0,0,0
151,240000,231,3,344,0,0,0
151,240000,218,3,344,0,0,0
151,240000,197,3,344,0,0,0
60,230000,194,2,3634,1,0,0
87,240000,227,4,1427,0,0,0
6,210000,551,3,255,1,0,0
12,240000,219,2,1643,1,0,0
88,210000,198,1,2396,0,0,0
128,229000,315,6,3361,1,0,0
64,220000,244,1,5030,1,0,0
125,230000,142,2,8863,1,1,0
101,220000,173,5,6608,0,0,0
566,230000,236,4,5758,1,0,0
3,200000,210,1,82,0,0,0
27,225000,81,1,139,0,1,0
27,225000,69,1,139,0,1,0
10,220000,53,3,433,0,1,0
142,230000,198,2,1103,1,0,0
121,225000,193,2,1343,0,0,0
55,239000,144,1,134,1,1,0
63,230000,211,2,2219,1,0,0
185,230000,79,2,9616,1,1,0
132,240000,324,1,241,1,0,0
2,240000,119,0,1248,1,1,0
116,220000,175,1,1551,1,1,0
27,225000,65,1,139,0,1,0
21,210000,232,1,2122,1,0,0
16,230000,280,3,660,1,0,0
60,230000,35,2,2218,1,1,0
15,240000,158,1,258,1,1,0
789,230000,208,2,476,0,0,0
789,230000,222,2,476,0,0,0
124,230000,366,2,5050,1,0,0
100,230000,246,2,1916,1,0,0
20,230000,197,2,276,0,0,0
6,230000,228,2,942,1,0,0
179,220000,201,3,3408,0,0,0
36,230000,401,4,1218,1,0,0
155,230000,193,3,2056,1,0,0
100,210000,216,3,1028,1,0,0
5,235000,253,1,695,1,0,0
23,230000,190,2,3015,0,0,0
6,230000,449,2,146,1,0,0
112,220000,280,4,2932,1,0,0
44,240000,23,3,3112,0,1,0
376,230000,26,3,3606,0,1,0
4,180000,219,2,67,1,0,1
23,240000,235,3,252,1,0,0
130,240000,394,2,12484,1,0,0
162,230000,32,3,6035,0,1,0
35,230000,236,2,435,0,0,0
599,210000,267,1,2121,0,0,0
95,220000,196,2,449,0,0,0
429,230000,317,1,8183,1,0,0
13,230000,300,1,718,1,0,0
95,230000,201,3,449,0,0,0
9,220000,209,1,371,0,0,0
347,220000,260,1,2249,1,0,0
9,220000,0,0,886,0,1,0
4,240000,254,0,1026,1,0,0
9,230000,223,1,371,1,0,0
30,230000,0,0,262,0,1,0
95,230000,186,2,449,0,0,0
27,244000,68,2,328,1,1,0
106,220000,213,1,3344,0,0,0
95,230000,194,2,449,0,0,0
73,235000,241,2,2124,0,0,0
170,230000,215,1,5239,1,0,0
247,240000,45,2,1746,1,1,0
95,230000,180,2,449,0,0,0
599,210000,431,1,2121,0,0,0
76,235000,288,1,1720,1,0,0
122,230000,207,1,1180,0,0,0
72,230000,243,3,7090,1,0,0
22,230000,216,1,872,1,0,0
10,235000,235,4,1597,1,0,0
44,240000,45,3,3112,1,1,0
50,220000,222,3,409,1,0,0
119,230000,169,2,1639,0,0,0
19,230000,290,3,249,1,0,0
174,235000,244,4,2058,1,0,0
30,222222,173,2,2364,0,0,0
22,230000,200,1,2825,1,0,0
3,230000,0,0,995,0,1,0
79,240000,62,2,1782,0,1,0
116,220000,376,1,1551,1,1,0
213,230000,46,2,7310,1,1,0
50,230000,209,1,1340,1,0,0
166,220000,233,3,59,0,0,0
79,235000,373,1,882,1,0,0
79,235000,373,1,882,1,0,0
599,210000,261,1,2121,0,0,0
185,225000,268,1,12735,1,0,0
868,240000,85,2,7050,1,1,0
80,220000,195,1,3277,1,1,0
34,230000,185,5,1064,0,0,0
4,230000,246,3,505,1,0,0
599,210000,236,1,2121,0,0,0
17,220000,210,1,4120,1,0,0
44,220000,0,0,3862,0,1,0
599,210000,225,1,2121,0,0,0
387,230000,256,1,4690,1,0,0
3,240000,279,2,144,0,0,0
202,230000,185,1,2627,1,1,0
11,220000,84,3,435,1,1,0
132,240000,155,1,241,1,1,0
199,240000,777,4,1434,1,0,0
7,220000,262,2,63,1,0,0
4,200000,96,5,56,1,1,1
6,150000,279,2,22,1,0,0
24,213000,251,3,88,1,0,0
879,230000,102,1,6133,1,1,0
13,210000,181,1,1198,0,0,0
33,242000,282,5,102,0,0,0
28,225000,37,1,4544,0,1,0
9,240000,191,1,624,0,0,0
33,245000,279,5,102,0,0,0
42,220000,213,2,569,1,0,0
10,210000,169,4,1778,0,0,0
500,230000,172,1,7283,0,0,0
60,230000,199,3,252,0,0,0
500,230000,186,1,7283,0,0,0
389,230000,142,3,1079,1,1,0
52,230000,194,2,2786,1,0,0
12,230000,235,1,3669,1,0,0
43,220000,253,5,309,1,0,0
141,210000,208,1,2314,1,0,0
16,220000,226,1,340,1,0,0
2,240000,263,1,20,1,0,0
28,230000,67,2,1600,1,1,0
142,230000,225,2,1103,1,0,0
304,220000,214,2,1349,0,0,0
8,230000,250,4,525,1,0,0
184,210000,106,1,13186,1,1,0
35,195000,42,3,960,0,1,0
23,220000,208,2,670,1,1,0
111,240000,209,1,1182,1,0,0
48,240000,189,3,2822,1,1,0
118,220000,220,1,1309,0,0,0
48,240000,112,3,2822,1,1,0
10,245000,206,1,314,0,0,0
59,239000,209,1,4573,0,0,0
37,230000,268,1,200,1,0,0
54,230000,0,0,2633,0,1,0
14,224000,289,1,1982,1,0,0
132,240000,108,1,241,0,1,0
112,240000,199,1,1165,0,0,0
347,220000,246,2,2249,1,0,0
6,250000,210,3,663,1,0,0
15,230000,191,2,1070,1,0,0
42,200000,213,3,1564,1,0,0
54,235000,220,2,454,0,0,0
304,210000,169,2,1349,0,0,0
112,240000,222,1,1165,0,0,0
78,220000,322,2,2068,1,0,0
138,210000,37,3,1255,1,1,0
59,240000,170,1,4573,0,0,0
38,230000,68,1,755,1,1,0
88,222222,169,0,12826,0,0,0
98,240000,438,2,2018,1,0,0
37,230000,133,0,777,1,1,0
6,190000,179,1,42,0,0,0
13,160000,232,5,272,1,0,0
49,220000,300,1,2597,1,0,0
9,215000,251,2,120,1,0,0
3,220000,205,2,173,0,0,0
111,220000,466,1,754,1,0,0
7,230000,209,4,280,1,0,0
98,200000,222,2,9875,1,0,0
3,240000,261,2,8,0,0,0
46,235000,234,2,875,1,0,0
7,220000,204,4,280,0,0,0
17,230000,184,4,672,1,0,0
1,210000,279,5,29,1,0,1
118,225000,279,2,8712,1,0,0
113,220000,24,1,2378,0,1,0
20,230000,30,1,2464,1,1,0
111,220000,412,1,754,1,0,0
3,240000,292,1,8,1,0,0
387,225000,303,2,12019,1,0,0
202,230000,199,0,2627,1,1,0
132,240000,90,1,241,0,1,0
154,230000,0,0,370,0,1,0
1,230000,239,2,2,0,0,0
125,230000,139,2,8863,1,1,0
77,230000,290,2,1622,0,1,0
33,235000,52,1,1637,1,1,0
36,210000,236,2,4165,1,0,0
16,220000,246,1,361,1,0,0
5,190000,250,3,120,1,0,0
70,220000,264,1,4850,0,0,0
3,230000,91,3,118,1,1,0
126,220000,200,2,1884,1,0,0
15,220000,598,6,133,1,0,0
38,220000,249,3,351,0,0,0
39,235000,232,3,5853,1,0,0
1,220000,238,2,420,1,0,0
161,235000,248,3,1244,1,0,0
137,210000,70,1,262,1,1,0
3,210000,292,3,551,1,0,0
1952,230000,528,1,1970,1,1,0
11,225000,240,1,696,1,0,0
879,230000,76,1,6133,1,1,0
7,220000,64,2,987,0,1,0
19,235000,75,2,746,0,1,0
179,230000,235,3,1218,1,0,0
997,230000,258,5,12610,0,0,0
7,230000,198,1,302,1,0,0
153,220000,85,7,4912,1,1,0
126,230000,191,4,1884,0,0,0
28,250000,245,2,152,0,0,0
5,220000,262,1,263,1,0,0
1952,230000,502,1,1970,1,1,0
14,220000,208,2,1439,0,0,1
5,220000,265,1,263,1,0,0
21,230000,62,2,2277,1,1,0
7,210000,225,1,266,1,0,0
57,225000,294,1,1437,0,0,0
202,230000,199,1,2627,1,1,0
76,230000,114,0,3132,1,1,0
639,230000,274,1,6829,1,0,0
43,200000,339,2,1204,1,0,0
12,230000,239,1,718,1,0,0
19,230000,50,1,1697,1,1,0
71,230000,225,2,1146,1,0,0
1952,230000,502,1,1970,1,1,0
56,230000,44,1,4981,1,1,0
1212,225000,264,0,15559,0,0,0
16,210000,235,1,1545,0,0,0
177,228000,32,2,13551,1,1,0
247,230000,71,2,1746,1,1,0
632,230000,188,2,4683,0,0,0
7,230000,471,4,33,1,0,0
639,230000,274,1,6829,1,0,0
57,230000,294,1,1437,0,0,0
124,210000,0,0,1118,0,1,0
42,205000,310,2,2419,1,0,0
5,235000,269,1,392,1,0,0
101,215000,61,1,1888,0,1,0
29,230000,209,1,5594,1,0,0
632,230000,189,2,4683,0,0,0
127,235000,4,2,1531,0,1,0
31,220000,226,2,1080,1,0,0
93,230000,219,1,3184,0,0,0
33,240000,254,2,768,1,0,0
16,230000,197,1,1545,0,0,0
236,240000,400,2,2586,1,0,0
114,220000,82,1,2581,1,1,0
632,225000,197,2,4683,0,0,0
1952,230000,513,1,1970,1,1,0
247,225000,64,2,1746,1,1,0
216,240000,53,3,5729,1,1,0
247,230000,58,2,1746,1,1,0
134,230000,231,5,3710,0,0,0
10,230000,206,4,576,0,0,0
39,230000,224,3,1164,1,0,0
15,240000,206,6,133,0,0,0
37,235000,309,1,777,1,0,0
6,225000,248,2,67,1,0,0
141,200000,294,1,2314,1,0,0
9,225000,265,2,1874,0,0,0
37,230000,199,3,954,1,0,0
16,230000,230,4,3371,1,0,0
821,227000,235,3,6499,0,1,0
125,220000,139,2,8863,1,1,0
25,220000,68,0,480,1,1,0
57,230000,185,1,5185,0,0,0
6,230000,248,2,67,1,0,0
11,220000,63,1,435,1,1,0
20,220000,237,2,56,1,0,0
24,230000,64,2,2742,1,1,0
51,200000,394,1,2943,1,0,0
37,200000,169,7,1103,0,0,0
599,205000,237,1,2121,0,0,0
3,235000,400,2,136,1,0,0
2,230000,195,1,10,1,0,0
84,230000,101,1,4135,1,1,0
25,210000,169,1,84,0,0,0
82,230000,292,1,2672,1,0,0
115,200000,316,2,878,1,1,0
89,230000,221,3,2778,1,0,0
191,220000,231,3,9388,1,0,0
155,245000,321,1,9981,0,0,0
1952,230000,529,1,1970,1,1,0
48,230000,69,1,4281,1,1,0
115,220000,346,2,878,1,1,0
633,230000,43,4,13645,1,1,0
21,220000,211,2,1870,1,0,0
21,220000,211,2,1870,1,0,0
56,230000,213,1,4981,1,0,0
1952,232000,529,1,1970,1,1,0
21,230000,327,2,1870,1,0,0
28,230000,338,0,345,0,0,0
14,210000,246,3,5512,1,0,0
247,225000,236,2,1746,1,0,0
247,225000,55,2,1746,1,1,0
28,230000,370,0,345,0,0,0
14,220000,246,3,5512,1,0,0
821,227000,198,3,6499,1,1,0
247,230000,53,2,1746,1,1,0
231,230000,74,1,2682,1,1,0
63,240000,79,2,1679,1,1,0
21,230000,63,2,1870,1,1,0
160,225000,35,1,1094,1,1,0
174,165000,157,2,1211,1,1,0
3,200000,31,3,69,1,1,0
14,230000,87,3,501,1,1,0
91,225000,89,1,3654,1,1,0
14,210000,70,2,303,1,1,0
1952,235000,529,1,1970,1,1,0
1952,235000,529,1,1970,1,1,0
17,240000,70,1,2871,1,1,0
61,220000,37,1,4154,1,1,0
19,235000,74,1,229,1,1,0
14,235000,32,1,269,0,1,0
88,210000,56,2,1820,1,1,0
38,235000,49,1,432,1,1,0
28,230000,73,1,5474,1,1,0
16,235000,52,3,411,0,1,0
110,240000,40,4,3898,0,1,0
9,230000,44,1,573,1,1,0
25,220000,120,2,1099,0,1,0
54,230000,83,3,679,1,1,0
34,237000,528,1,692,1,1,0
1,185000,85,3,11,0,1,1
24,240000,265,2,7393,1,1,0
54,230000,54,3,679,0,1,0
15,230000,212,3,1027,1,1,0
15,250000,211,3,1027,1,1,0
1,185000,230,5,93,1,1,1
125,230000,143,2,8863,1,1,0
125,230000,139,1,8863,1,1,0
116,220000,294,1,1551,1,1,0
15,250000,212,3,1027,1,1,0
41,230000,90,1,1877,1,1,0
23,230000,119,4,6156,1,1,0
265,210000,125,3,18108,1,1,0
6,220000,33,2,512,1,1,0
9,229000,0,0,382,0,1,0
84,230000,99,1,515,0,1,0
125,230000,139,1,8863,1,1,0
116,220000,295,1,1551,1,1,0
9,230000,46,3,393,1,1,0
14,235000,15,1,269,0,1,0
639,230000,105,1,6829,1,1,0
41,239000,86,3,2366,1,1,0
84,235000,84,1,515,0,1,0
30,230000,0,0,262,0,1,0
2,220000,35,2,33,1,1,0
77,240000,276,1,1622,0,1,0
2,220000,21,2,33,0,1,0
14,240000,34,1,269,0,1,0
31,240000,31,1,588,0,1,1
12,240000,44,1,209,1,1,0
14,220000,65,4,237,1,1,0
206,240000,62,1,3904,1,1,0
1,220000,29,1,73,1,1,0
8,230000,55,1,143,1,1,0
11,220000,94,2,435,1,1,0
182,239000,83,2,1637,1,1,0
25,220000,63,3,689,1,1,0
79,240000,20,2,392,0,1,0
281,230000,0,0,3171,0,1,0
17,220000,192,2,273,1,1,0
17,230000,49,2,1346,1,1,0
97,240000,104,3,5927,1,1,0
24,220000,147,1,2681,1,1,0
7,240000,92,3,1619,1,1,0
5,230000,100,1,857,1,1,0
4,240000,37,3,76,1,1,0
35,230000,150,1,2393,1,1,0
7,230000,19,2,215,0,1,0
98,230000,0,0,1713,0,1,0
199,220000,0,0,3377,0,1,0
59,230000,70,4,2461,1,1,0
27,220000,109,2,1594,0,1,0
77,240000,277,1,1622,0,1,0
2,240000,82,4,23,1,1,0
87,230000,29,1,1180,0,1,0
7,130000,112,3,39,1,1,1
22,195000,206,1,1859,1,1,0
7,240000,19,2,215,0,1,0
60,235000,240,2,401,1,1,0
389,240000,141,3,1079,1,1,0
145,240000,208,1,3858,1,1,0
5,230000,59,2,77,1,1,0
209,233000,61,1,1956,1,1,0
69,195000,99,2,734,1,1,0
63,240000,84,3,339,1,1,0
76,220000,74,1,178,1,1,0
32,220000,66,1,3863,1,1,0
44,235000,87,4,888,1,1,0
4,230000,45,1,282,1,1,0
8,230000,29,2,86,0,1,0
147,230000,113,3,4363,1,1,0
2,230000,70,2,99,1,1,0
16,220000,25,4,100,1,1,0
93,238000,23,1,4509,1,1,0
208,235000,31,4,2486,0,1,0
399,123456,136,1,5944,1,1,0
277,230000,19,1,1816,1,1,0
35,230000,48,3,881,1,1,0
6,230000,170,1,62,1,1,0
37,210000,144,5,248,1,1,0
9,230000,58,3,67,0,1,0
53,230000,121,1,5388,1,1,0
84,235000,77,2,515,0,1,0
301,240000,40,1,4573,1,1,0
928,195000,124,6,19097,0,1,0
28,230000,62,1,2370,1,1,0
39,200000,26,3,759,1,1,0
19,230000,110,2,384,1,1,0
12,225000,154,1,750,1,1,0
3,210000,100,3,189,1,1,0
26,200000,35,2,58,1,1,0
176,225000,63,1,8274,1,1,0
84,235000,108,2,515,0,1,0
199,240000,420,2,1434,1,1,0
81,230000,79,3,662,1,1,0
47,210000,66,2,1057,1,1,0
48,230000,136,2,541,1,1,0
84,240000,106,2,515,0,1,0
12,230000,77,4,518,1,1,0
5,235000,69,1,42,1,1,0
113,220000,153,1,2573,1,1,0
37,230000,46,2,538,1,1,0
17,250000,124,1,122,0,1,0
32,200000,28,1,641,1,1,0
41,230000,204,3,1288,1,1,0
32,220000,28,1,641,1,1,0
2,220000,65,1,917,1,1,0
32,225000,18,1,641,0,1,0
63,235000,30,1,4786,0,1,0
50,230000,24,1,2373,0,1,0
81,240000,28,1,2581,0,1,0
36,235000,89,4,2612,0,1,0
32,225000,7,1,641,0,1,0
185,230000,109,2,9445,0,1,0
81,230000,147,3,662,1,1,0
21,250000,132,3,3203,0,1,0
8,230000,34,2,324,0,1,0
30,230000,67,1,788,1,1,1
2037,225000,0,1,4613,0,1,0
47,230000,66,1,3915,0,1,0
17,210000,29,2,175,1,1,0
21,235000,28,2,556,1,1,0
11,220000,80,1,696,1,1,0
89,240000,170,4,3104,1,1,0
36,230000,143,2,230,1,1,0
12,210000,49,3,33,1,1,0
78,200000,74,1,603,0,1,0
12,210000,49,3,33,1,1,1
12,220000,25,3,33,0,1,1
9,220000,22,3,342,0,1,0
212,240000,102,2,1111,1,1,0
21,235000,153,3,274,1,1,0
23,245000,122,2,349,1,1,0
9,230000,48,3,342,1,1,0
500,240000,14,1,7283,0,1,0
500,240000,30,1,7283,0,1,0
36,240000,19,2,897,0,1,0
33,220000,100,3,940,1,1,0
48,210000,59,3,967,1,1,0
43,250000,113,3,557,1,1,0
35,238000,74,1,2538,0,1,0
9,220000,27,3,342,0,1,0
43,220000,441,4,2593,1,1,0
28,230000,73,1,4840,1,1,0
36,230000,146,1,230,1,1,0
15,230000,206,4,527,1,0,0
22,230000,75,1,888,1,1,0
2,230000,41,2,94,1,1,1
2,240000,90,2,94,1,1,1
36,230000,164,1,230,1,1,0
277,235000,48,1,5303,1,1,0
212,245000,67,2,1111,1,1,0
85,230000,139,1,861,0,1,0
47,215000,103,3,164,1,1,0
3,230000,89,2,241,1,1,0
137,220000,58,1,262,1,1,0
611,220000,59,5,8710,0,1,0
14,250000,76,2,401,1,1,0
20,220000,39,4,715,0,1,0
88,230000,0,1,6047,0,1,0
212,250000,67,2,1111,1,1,0
88,230000,0,1,6048,0,1,0
500,240000,30,1,7284,0,1,0
1,200000,159,3,330,0,1,1
15,225000,84,1,990,1,1,0
87,230000,77,1,4957,1,1,0
62,220000,145,2,5863,1,1,0
3,170000,201,1,222,1,0,1
54,220000,74,1,149,1,1,0
2,190000,67,2,17,1,1,1
64,225000,64,1,754,1,1,0
124,230000,156,1,1880,1,1,0
2,190000,67,2,17,1,1,0
1,130000,135,3,3033,1,0,1
98,230000,77,1,4938,1,1,0
23,230000,54,1,753,0,1,0
1,200000,82,2,532,0,1,1
9,210000,33,4,786,1,1,1
1,140000,73,2,23,0,1,1
20,220000,243,2,3724,1,1,0
2,170000,65,1,202,0,1,1
23,230000,106,1,985,1,1,0
20,240000,27,2,779,0,1,0
64,225000,64,1,750,1,1,0
3,220000,97,2,197,0,1,0
343,215000,57,2,4989,1,1,0
2,200000,33,2,50,0,1,0
30,220000,137,1,784,1,1,0
1,100000,66,2,66,0,0,1
21,210000,151,3,1079,1,1,0
5,170000,285,1,227,1,0,1
1,200000,177,4,337,0,1,1
17,225000,109,1,991,1,1,0
32,250000,148,3,5157,1,1,0
1,130000,162,3,88,1,0,1
86,230000,77,1,4963,1,1,0
9,220000,82,2,16,1,1,0
130,230000,156,1,1881,1,1,0
17,225000,84,1,991,1,1,0
87,230000,77,1,4963,1,1,0
1,140000,73,1,92.5,0,1,1
2,190000,72,3,13,0,1,1
1,130000,124,4,360,0,0,1
1,130000,114,3,438,1,0,1
1,190000,63,2,149,1,1,1
3,150000,65,4,35,0,1,1
1,200000,77,1,12,0,1,1
1,140000,64,2,4,0,0,1
1,180000,104,1,92.5,0,0,1
10,180000,105,1,328,0,0,1
58,150000,125,1,9257,0,1,1
7,200000,104,3,162,1,1,1
1,150000,147,2,11,0,0,1
1,180000,127,4,92.5,1,0,1
1,130000,59,3,77,0,1,1
1,140000,63,2,92.5,0,0,1
1,130000,94,3,92.5,0,0,1
1,190000,78,3,92.5,1,0,1
9,150000,38,2,173,1,0,1
3,200000,66,2,5,1,0,1
59,200000,93,3,4250,1,1,1
1,190000,80,3,2,1,0,1
4,200000,133,4,179,1,1,1
1,150000,38,2,14,1,0,1
2,150000,68,1,3,1,0,1
1,130000,158,1,92.5,1,0,1
2,200000,86,4,123,1,0,1
2,180000,113,1,10,1,0,1
4,200000,133,4,179,1,1,1
2,130000,101,4,105,1,0,1
3,200000,14,1,81,1,0,1
6,199000,74,1,255,1,0,1
2,185000,111,2,2,1,0,1
4,200000,133,4,179,1,1,1
1,160000,68,1,92.5,1,0,1
1,150000,151,2,92.5,0,0,1
1,150000,91,1,92.5,1,1,1
1,180000,56,2,92.5,1,0,1
4,170000,106,1,33,1,0,1
1,170000,143,1,92.5,1,0,1
1,170000,75,1,92.5,1,0,1
1,90000,55,3,92.5,0,0,1
1,160000,164,2,92.5,1,0,1
1,150000,78,1,92.5,1,0,1
1,200000,18,1,92.5,1,0,1
4,200000,50,2,55,1,0,1
4,200000,133,4,569,1,1,1
6,200000,76,1,419,0,0,1
2,130000,163,4,8,1,0,1
3,190000,80,3,4,1,0,1
1,190000,80,2,92.5,1,0,1
3,190000,80,3,15,1,0,1
36,185000,66,1,517,1,0,1
1,180000,99,1,154,1,0,1
1,160000,172,2,92.5,1,0,1
1,160000,172,2,92.5,1,0,1
1,200000,32,2,3,1,0,1
6,150000,61,1,608,0,0,1
3,200000,173,2,1019,1,0,1
2,150000,100,2,29,1,1,1
1,180000,71,2,23,1,1,1
1,190000,127,1,92.5,1,0,1
2,190000,21,1,77,0,0,1
1,200000,54,2,75,1,0,1
5,190000,80,3,6,1,0,1
1,190000,81,2,92.5,1,0,1
3,200000,89,1,87,1,0,1
5,170000,23,1,743,0,0,1
1,150000,98,1,5,1,1,1
4,190000,94,2,16,1,0,1
2,150000,84,5,207,0,1,1
3,190000,88,2,5,1,0,1
2,130000,106,2,213,1,1,1
3,200000,104,2,4,1,0,1
3,190000,78,3,53,1,0,1
1,180000,80,1,266,1,0,1
3,180000,161,4,2578,0,1,1
2,180000,167,3,2578,1,1,1
2,200000,69,1,91,0,0,1
7,160000,143,2,259,1,0,1
2,200000,26,2,34,1,0,1
1,150000,87,5,265,0,1,1
1,150000,97,1,92,1,1,1
2,210000,51,1,82,1,0,1
2,200000,70,2,82,1,0,1
1,150000,79,3,16,1,1,1
1,200000,22,1,92.5,1,0,1
1,150000,98,1,14,1,1,1
1,160000,0,3,92.5,0,0,1
3,170000,0,3,153,0,0,1
5,190000,110,2,282,0,1,1
4,150000,59,1,40,0,1,1
1,190000,103,1,92.5,0,0,1
1,160000,98,1,16,1,1,1
1,150000,206,3,134,1,1,1
2,130000,99,9,28,0,1,1
98,180000,97,3,1211,0,1,1
1,210000,89,3,131,1,0,1
1,150000,96,1,139,1,0,1
1,160000,75,2,11,0,1,1
4,130000,59,1,270,1,0,1
1,160000,70,1,221,1,0,1
2,160000,76,2,2,0,1,1
4,170000,108,3,10,0,1,1
1,160000,113,3,92.5,1,0,1
1,180000,58,3,18,1,0,1
3,150000,61,3,43,0,1,1
1,150000,175,2,23,1,1,1
1,150000,105,3,6,1,0,1
37,160000,76,2,1590,0,1,1
1,1600000,76,2,55,0,1,1
1,170000,26,5,92.5,1,0,1
1,180000,85,2,56,0,1,1
19,170000,74,3,390,0,0,1
48,150000,220,6,1118,0,1,1
1,180000,81,1,92.5,1,0,1
1,180000,81,1,47,1,0,1
1,170000,71,1,92.5,1,0,1
1,190000,65,1,92.5,0,0,1
1,200000,75,3,92.5,0,0,1
1,200000,64,3,92.5,1,0,1
1,190000,66,1,92.5,0,0,1
1,190000,91,3,92.5,0,0,1
1,200000,73,2,92.5,0,0,1
1,200000,64,3,1096,1,0,1
1,180000,52,3,92.5,1,1,1
3,180000,96,1,32,0,0,1
2,210000,150,3,92.5,0,1,1
1,160000,66,3,92.5,0,1,1
2,170000,51,2,19,0,1,1
3,160000,134,4,92.5,1,0,1
3,160000,121,3,92.5,0,0,0
1,190000,65,3,92.5,1,1,1
1,150000,44,1,92.5,1,1,1
1,190000,80,2,92.5,1,1,1
1,190000,96,4,92.5,1,1,1
1,160000,121,3,92.5,0,0,1
